1045,IQT46194413,American Airlines Group Inc.,
1078,IQT46193236,Abbott Laboratories,
1161,IQT46194326,Advanced Micro Devices,
1177,IQT46193699,Aetna Inc.,
1209,IQT46194614,Air Products and Chemicals, Inc.
1300,IQT46205977,Honeywell International Inc.,
1380,IQT46193849,Hess Corporation,
1447,IQT46195298,American Express Company,
1449,IQT323680030,Aflac Incorporated,
1487,IQT46193990,American International Group, Inc.
1602,IQT46194370,Amgen Inc.,
1632,IQT313310770,Analog Devices, Inc.
1678,IQT46194584,APA Corporation,
1690,IQT237925204,Apple Inc.,
1704,IQT263213046,Applied Materials, Inc.
1722,IQT46193488,Archer-Daniels-Midland Company,
1773,IQT46194757,Arrow Electronics, Inc.
1794,IQT1822336902,Ashland Inc.,
1891,IQT263206629,Automatic Data Processing, Inc.
1913,IQT244437094,Avery Dennison Corporation,
1919,IQT46195184,Avnet, Inc.
1932,IQT46195783,British American Tobacco p.l.c.,
1976,IQT46196426,Baker Hughes Holdings LLC,
1988,IQT46196533,Ball Corporation,
2085,IQT46196745,Bausch & Lomb Incorporated,
2086,IQT46195846,Baxter International Inc.,
2111,IQT46196206,Becton, Dickinson and Company
2136,IQT46223278,Verizon Communications Inc.,
2150,IQT46196520,Belo Corp.,
2176,IQT46197250,Berkshire Hathaway Inc.,
2184,IQT46195950,Best Buy Co., Inc.
2269,IQT313309010,H&R Block, Inc.
2270,IQT46202743,Valaris Limited,
2285,IQT46195429,The Boeing Company,
2338,IQT46216219,Rexam Limited,
2369,IQT46195642,Brookfield Corporation,
2393,IQT46196401,Briggs & Stratton Corporation,
2403,IQT46196685,Bristol-Myers Squibb Company,
2410,IQT46197014,BP p.l.c.,
2444,IQT46195971,Brunswick Corporation,
2490,IQT46196708,Burlington Northern Santa Fe, LLC
2504,IQT46222272,Unisys Corporation,
2547,IQT46198775,The Cigna Group,
2558,IQT46199166,CNA Financial Corporation,
2574,IQT46199926,CSX Corporation,
2593,IQT313311522,Cabot Corporation,
2710,IQT46219530,Constellation Brands, Inc.
2721,IQT61227153,Canon Inc.,
2751,IQT46197768,Cardinal Health, Inc.
2787,IQT46199817,Carpenter Technology Corporation,
2812,IQT46201079,Dole Food Company, Inc.
2817,IQT46198171,Caterpillar Inc.,
2884,IQT46199947,Lumen Technologies, Inc.
2991,IQT46200112,Chevron Corporation,
3107,IQT313310869,Cleveland-Cliffs Inc.,
3121,IQT46199066,The Clorox Company,
3144,IQT46208538,The Coca-Cola Company,
3170,IQT46198963,Colgate-Palmolive Company,
3226,IQT46302605,Comcast Corporation,
3243,IQT46197694,Citigroup Inc.,
3246,IQT46199093,Commercial Metals Company,
3278,IQT46198450,Avis Budget Group, Inc.
3310,IQT46197734,CA, Inc.
3336,IQT46199872,DXC Technology Company,
3362,IQT46197756,Conagra Brands, Inc.
3416,IQT46199319,XPO CNW, Inc.
3469,IQT311163445,Continental Resources, Inc.
3502,IQT46199937,Cooper Tire & Rubber Company,
3505,IQT46220217,Molson Coors Beverage Company,
3532,IQT46204578,Corning Incorporated,
3580,IQT209638973,Crane Company,
3591,IQT79636455,Onemain Finance Corporation,
3650,IQT46199132,Cummins Inc.,
3734,IQT644701407,Dana Incorporated,
3735,IQT46200858,Danaher Corporation,
3813,IQT46220782,Target Corporation,
3835,IQT46200612,Deere & Company,
3851,IQT46200333,Delta Air Lines, Inc.
3863,IQT46200986,Deluxe Corporation,
3964,IQT46200572,Dillard's, Inc.
3980,IQT1795610165,The Walt Disney Company,
4040,IQT46216783,R. R. Donnelley & Sons Company,
4058,IQT46201143,Dover Corporation,
4066,IQT46213799,Omnicom Group Inc.,
4087,IQT46200528,EIDP, Inc.
4145,IQT313306438,Revvity, Inc.
4201,IQT323680090,Eaton Vance Corp.,
4213,IQT323680110,Ecolab Inc.,
4321,IQT46202311,Emerson Electric Co.,
4423,IQT213789472,Equifax Inc.,
4439,IQT46209576,Telefonaktiebolaget LM Ericsson (publ),
4503,IQT54191878,Exxon Mobil Corporation,
4510,IQT263205880,FMC Corporation,
4598,IQT46203190,FedEx Corporation,
4611,IQT46203137,Macy's, Inc.
4818,IQT313306441,Fluor Corporation,
4839,IQT46202947,Ford Motor Company,
4885,IQT313317459,Franklin Resources, Inc.
4941,IQT46204660,GATX Corporation,
4988,IQT46204180,TEGNA Inc.,
4990,IQT46204804,The Gap, Inc.
5046,IQT46204207,General Dynamics Corporation,
5047,IQT244437087,General Electric Company,
5071,IQT46204446,General Mills, Inc.
5072,IQT46204639,Ally Financial Inc.,
5073,IQT127280715,General Motors Company,
5180,IQT46205038,GSK plc,
5229,IQT46204814,Goodrich Corporation,
5234,IQT46205049,The Goodyear Tire & Rubber Company,
5439,IQT46205209,Halliburton Company,
5492,IQT46206136,L3Harris Technologies, Inc.
5518,IQT46898995,Hasbro, Inc.
5597,IQT46206228,The Hershey Company,
5606,IQT46206055,HP Inc.,
5639,IQT60387957,Hill-Rom Holdings, Inc.
5650,IQT46205688,Hitachi, Ltd.
5680,IQT46205518,The Home Depot, Inc.
5691,IQT46205898,Honda Motor Co., Ltd.
5723,IQT46205997,Starwood Hotels & Resorts Worldwide, LLC
5735,IQT46225354,HSBC Finance Corporation,
5783,IQT313316377,J.B. Hunt Transport Services, Inc.
5878,IQT46207612,Illinois Tool Works Inc.,
6008,IQT46207083,Intel Corporation,
6066,IQT46206637,International Business Machines Corporation,
6097,IQT46206853,International Game Technology,
6104,IQT46207184,International Paper Company,
6136,IQT46207217,The Interpublic Group of Companies, Inc.
6266,IQT46207813,Johnson & Johnson,
6268,IQT46600868,Johnson Controls International plc,
6375,IQT46207969,Kellanova,
6435,IQT46208424,Kimberly-Clark Corporation,
6494,IQT46208570,Komatsu Ltd.,
6502,IQT46208706,The Kroger Co.,
6506,IQT46208773,Kubota Corporation,
6565,IQT715543695,Lam Research Corporation,
6649,IQT313313705,Leggett & Platt, Incorporated
6653,IQT313310165,Legg Mason, Inc.
6669,IQT46209157,Lennar Corporation,
6682,IQT323679880,Jefferies Financial Group Inc.,
6730,IQT46209524,Eli Lilly and Company,
6733,IQT46209775,Bath & Body Works, Inc.
6742,IQT46209617,Lincoln National Corporation,
6768,IQT46209384,Kate Spade & Company,
6774,IQT46209597,Lockheed Martin Corporation,
6781,IQT46209786,Loews Corporation,
6788,IQT313316535,Range Resources Corporation,
6821,IQT46209722,Louisiana-Pacific Corporation,
6829,IQT46209672,Lowe's Companies, Inc.
6830,IQT46209985,The Lubrizol Corporation,
6865,IQT46210384,Sekisui House U.S., Inc.
6946,IQT313311252,Magna International Inc.,
7017,IQT46211602,Marathon Oil Corporation,
7065,IQT46211181,Marsh & McLennan Companies, Inc.
7085,IQT46210097,Masco Corporation,
7114,IQT46210181,Panasonic Holdings Corporation,
7116,IQT46210169,Mattel, Inc.
7154,IQT46210338,McDonald's Corporation,
7163,IQT46210657,S&P Global Inc.,
7171,IQT46210360,McKesson Corporation,
7186,IQT46210687,Medco Health Solutions, Inc.
7241,IQT46200090,CVS Health Corporation,
7257,IQT46218058,Merck & Co., Inc.
7343,IQT313317694,Micron Technology, Inc.
7435,IQT46211201,3M Company,
7471,IQT46211047,Mitsui & Co., Ltd.
7585,IQT46211478,Motorola Solutions, Inc.
7620,IQT46211782,Murphy Oil Corporation,
7637,IQT646957467,Viatris Inc.,
7652,IQT46212162,NEC Corporation,
7750,IQT46220857,Tenet Healthcare Corporation,
7769,IQT46213013,National Rural Utilities Cooperative Finance Corporation,
7866,IQT46213465,The New York Times Company,
7875,IQT46213329,Newell Brands Inc.,
7881,IQT106833241,Newmont Corporation,
7906,IQT46212619,NIKE, Inc.
7912,IQT46212017,Noble Energy, Inc.
7922,IQT46207938,Nordstrom, Inc.
7923,IQT46213044,Norfolk Southern Corporation,
7985,IQT46212734,Northrop Grumman Corporation,
7991,IQT644701707,Terex Corporation,
8030,IQT46213209,Nucor Corporation,
8068,IQT46214024,Occidental Petroleum Corporation,
8123,IQT46213778,Olin Corporation,
8214,IQT46214003,Owens Corning,
8240,IQT46214601,PHH Corporation,
8247,IQT46215018,PPG Industries, Inc.
8358,IQT313317116,Parker-Hannifin Corporation,
8431,IQT46193721,American Financial Group, Inc.
8479,IQT46214332,PepsiCo, Inc.
8530,IQT46214455,Pfizer Inc.,
8542,IQT717020890,Essential Utilities, Inc.
8543,IQT46211273,Altria Group, Inc.
8544,IQT46220642,PLDT Inc.,
8546,IQT46225838,Koninklijke Philips N.V.,
8549,IQT46199558,ConocoPhillips,
8551,IQT323679910,PVH Corp.,
8606,IQT46214094,Pitney Bowes Inc.,
8762,IQT46214489,The Procter & Gamble Company,
8823,IQT46214631,PulteGroup, Inc.
8902,IQT46216771,RPM International Inc.,
8972,IQT46216944,Raytheon Company,
9063,IQT46194500,AutoNation, Inc.
9135,IQT46216386,Ricoh Company, Ltd.
9203,IQT46216677,Rockwell Automation, Inc.
9299,IQT46215597,Ryder System, Inc.
9359,IQT46220056,Safeway Inc.,
9411,IQT46218440,Hillshire Brands Company,
9465,IQT46218420,SLB N.V.,
9555,IQT46226110,Sealed Air Corporation,
9611,IQT46217571,Service Corporation International,
9613,IQT46219811,The Terminix Company, LLC
9667,IQT46218184,The Sherwin-Williams Company,
9778,IQT46899356,Snap-on Incorporated,
9815,IQT46218754,Sonoco Products Company,
9818,IQT46218602,Sony Group Corporation,
9882,IQT46209809,Southwest Airlines Co.,
9899,IQT46217355,AT&T Inc.,
10016,IQT46220045,Stanley Black & Decker, Inc.
10115,IQT79640137,Stryker Corporation,
10121,IQT46218475,Navient Corporation,
10190,IQT46219881,SUPERVALU INC.,
10247,IQT46220092,Sysco Corporation,
10405,IQT46194925,ATI Inc.,
10411,IQT46220379,Telephone and Data Systems, Inc.
10426,IQT46220870,Temple-Inland, Inc.
10484,IQT46197882,United Airlines, Inc.
10499,IQT46221892,Texas Instruments Incorporated,
10519,IQT46221943,Textron Inc.,
10530,IQT313308207,Thermo Fisher Scientific Inc.,
10614,IQT313306689,Globe Life Inc.,
10622,IQT46221262,Toshiba Corporation,
10793,IQT46221731,Tyson Foods, Inc.
10795,IQT46222125,United Airlines Holdings, Inc.
10816,IQT46222742,USG Corporation,
10846,IQT707113696,Unilever PLC,
10867,IQT46222498,Union Pacific Corporation,
10894,IQT46222229,UDR, Inc.
10903,IQT46222425,UnitedHealth Group Incorporated,
10920,IQT46222629,United Parcel Service, Inc.
10983,IQT46222809,RTX Corporation,
11017,IQT46222889,Universal Corporation,
11032,IQT46222242,Universal Health Services, Inc.
11060,IQT46223029,V.F. Corporation,
11096,IQT323680050,The Valspar Corporation,
11217,IQT46223139,AB Volvo (publ),
11228,IQT46223149,Vulcan Materials Company,
11259,IQT46224012,Walmart Inc.,
11264,IQT639824576,Walgreens Boots Alliance, Inc.
11301,IQT313310274,Elme Communities,
11399,IQT718477253,Western Digital Corporation,
11456,IQT46224255,Weyerhaeuser Company,
11465,IQT46223728,Whirlpool Corporation,
11506,IQT46223951,The Williams Companies, Inc.
11600,IQT47859780,Worthington Enterprises, Inc.
11672,IQT46220901,The TJX Companies, Inc.
11749,IQT46218345,AB SKF (publ),
11923,IQT46194594,Anadarko Petroleum Corporation,
12053,IQT99952582,Dell EMC,
12124,IQT46470877,Morgan Stanley,
12140,IQT313314462,NNN REIT, Inc.
12141,IQT59069893,Microsoft Corporation,
12142,IQT46213903,Oracle Corporation,
12233,IQT263205932,Genzyme Corporation, Inc.
12294,IQT321221487,MPLX LP,
12368,IQT46217478,Svenska Cellulosa Aktiebolaget SCA (publ),
12383,IQT46212386,Norsk Hydro ASA,
12384,IQT79634226,Shell plc,
12389,IQT313316279,Harley-Davidson, Inc.
12395,IQT46221137,Toll Brothers, Inc.
12459,IQT46213253,NVR, Inc.
12589,IQT46205770,Encompass Health Corporation,
12635,IQT313310896,Fiserv, Inc.
12689,IQT46208192,KB Home,
12726,IQT46222488,Unum Group,
12909,IQT323680040,Markel Group Inc.,
13124,IQT46212416,Nationwide Health Properties, Inc.
13145,IQT263204406,International Consolidated Airlines Group S.A.,
13341,IQT46214580,The Progressive Corporation,
13380,IQT46218397,SFA Holdings Inc.,
13427,IQT79636975,Berkshire Hathaway Energy Company,
13440,IQT46209833,Level 3 Parent, LLC
13526,IQT46197004,Buckeye Partners, L.P.
13561,IQT46210265,MBIA Inc.,
13579,IQT46206126,Equity Commonwealth,
13599,IQT313309615,Celgene Corporation,
13646,IQT718888197,Tiffany & Co.,
13683,IQT46226245,Telefónica, S.A.
13714,IQT46198346,Paramount Skydance Corporation,
13721,IQT717686221,Zoetis Inc.,
13971,IQT60388524,Methanex Corporation,
13988,IQT46217561,The Charles Schwab Corporation,
14078,IQT46196785,Bombardier Inc.,
14313,IQT46212323,Norbord Inc.,
14359,IQT46215459,Pioneer Natural Resources Company,
14418,IQT46210574,MGM Resorts International,
14438,IQT328988307,The ADT Security Corporation,
14447,IQT46211285,LVMH Moët Hennessy - Louis Vuitton, Société Européenne
14477,IQT46223991,Waste Management, Inc.
14535,IQT46219118,The E.W. Scripps Company,
14538,IQT46220738,Teva Pharmaceutical Industries Limited,
14590,IQT46203087,Freeport-McMoRan Inc.,
14620,IQT46225203,AB Electrolux (publ),
14624,IQT49751066,The ODP Corporation,
14790,IQT46211658,Meritage Homes Corporation,
14822,IQT62026974,W. R. Berkley Corporation,
14894,IQT46226367,Vodafone Group Public Limited Company,
14934,IQT46201563,Devon Energy Corporation,
14960,IQT46209261,Labcorp Holdings Inc.,
15247,IQT46223119,Valero Energy Corporation,
15319,IQT46216124,Repsol, S.A.
15334,IQT46194067,Akzo Nobel N.V.,
15508,IQT46193041,Anglo American plc,
15521,IQT46218917,Staples, Inc.
15545,IQT46195131,Aviva plc,
15598,IQT46193556,Aegon Ltd.,
15613,IQT46212786,Nomura Holdings, Inc.
15617,IQT46225517,ING Groep N.V.,
15668,IQT46213923,ORIX Corporation,
15704,IQT51023574,Thomson Reuters Corporation,
15708,IQT46193795,Allergan, Inc.
15724,IQT46194233,Allianz SE,
15782,IQT46215244,Prudential plc,
15855,IQT313308320,Gen Digital Inc.,
16101,IQT431993021,AbbVie Inc.,
16384,IQT716927566,Voya Financial, Inc.
16428,IQT46203234,Fairfax Financial Holdings Limited,
16476,IQT46209171,Levi Strauss & Co.,
16477,IQT46209068,Lear Corporation,
16478,IQT46202490,EOG Resources, Inc.
16560,IQT79639897,Alumina Limited,
16582,IQT569046818,Nutrien Ltd.,
16603,IQT46212216,Nestlé S.A.,
17306,IQT717686241,PennyMac Financial Services, Inc.
17420,IQT46262455,Atlas Copco AB (publ),
17436,IQT46195754,BASF SE,
17452,IQT46197322,Danone S.A.,
17828,IQT46200323,Mercedes-Benz Group AG,
17874,IQT79637005,T-Mobile US, Inc.
17997,IQT422973171,Constellium SE,
18465,IQT658995290,Antero Resources Corporation,
18466,IQT51023384,Subaru Corporation,
18467,IQT46203954,Fujitsu Limited,
18636,IQT46200888,Diageo plc,
18729,IQT46208382,Kirin Holdings Company, Limited
18872,IQT681133425,Twitter, Inc.
19113,IQT46213024,Nissan Motor Co., Ltd.
19151,IQT46226296,Telecom Italia S.p.A.,
19349,IQT49541654,Siemens Aktiengesellschaft,
19625,IQT46220769,Teléfonos de México, S.A.B. de C.V.
19661,IQT46221332,Toyota Motor Corporation,
19744,IQT1889523476,JD.com, Inc.
19824,IQT99578964,AngloGold Ashanti plc,
20421,IQT46203042,Foster's Group Pty. Ltd.,
20530,IQT313309820,Alibaba Group Holding Limited,
20779,IQT46199892,Cisco Systems, Inc.
21761,IQT717940276,CDK Global, LLC
21808,IQT1775417834,Caesars Entertainment, Inc.
22741,IQT1677736496,The Chemours Company,
23077,IQT301997502,Uniti Group Inc.,
23667,IQT46193890,Koninklijke Ahold Delhaize N.V.,
23671,IQT46212776,Nokia Oyj,
23714,IQT46200195,Community Health Systems, Inc.
23809,IQT46195359,AutoZone, Inc.
23877,IQT46200059,Coventry Health Care, Inc.
23978,IQT46224328,United States Steel Corporation,
24216,IQT46193659,The AES Corporation,
24379,IQT46211648,MGIC Investment Corporation,
24468,IQT323680080,Biogen Inc.,
24625,IQT46221282,TotalEnergies SE,
24678,IQT313313754,Horace Mann Educators Corporation,
24731,IQT46208339,Kimco Realty Corporation,
24856,IQT79636908,Gilead Sciences, Inc.
25056,IQT46221849,Warner Media, LLC
25119,IQT46210614,Mohawk Industries, Inc.
25157,IQT46203147,First Data Corporation,
25279,IQT46197343,Boston Scientific Corporation,
25283,IQT46208750,Kohl's Corporation,
25340,IQT46200828,D.R. Horton, Inc.
25434,IQT716548625,Starbucks Corporation,
25627,IQT46208484,Kinder Morgan Energy Partners, L.P.
25633,IQT323680190,Omega Healthcare Investors, Inc.
25895,IQT46215867,Radian Group Inc.,
26061,IQT46206562,Match Group, Inc.
26156,IQT542897418,Hewlett Packard Enterprise Company,
27780,IQT46200552,SITE Centers Corp.,
27786,IQT46198713,Expand Energy Corporation,
27882,IQT46215155,Rent Group Inc.,
27914,IQT46206320,Humana Inc.,
27928,IQT46207150,Intuit Inc.,
28034,IQT46193330,Chubb Limited,
28139,IQT46217228,Sanmina Corporation,
28169,IQT46193836,Nutrien (Canada) Holdings ULC,
28191,IQT46215826,Royal Caribbean Cruises Ltd.,
28194,IQT46214859,Avient Corporation,
28195,IQT46207710,Jabil Inc.,
28216,IQT313307182,Reinsurance Group of America, Incorporated
28272,IQT46195349,AstraZeneca PLC,
28322,IQT46206085,Healthcare Realty Trust Incorporated,
28349,IQT46194102,The Allstate Corporation,
28629,IQT46199685,Camden Property Trust,
28742,IQT46197481,BorgWarner Inc.,
28790,IQT411411085,Lamb Weston Holdings, Inc.
28877,IQT323680521,Keurig Dr Pepper Inc.,
28883,IQT323680261,Sociedad Química y Minera de Chile S.A.,
28919,IQT46213698,ONEOK Partners, L.P.
28930,IQT46210064,Marriott International, Inc.
29011,IQT46197532,Boyd Gaming Corporation,
29028,IQT46199578,Costco Wholesale Corporation,
29099,IQT46202612,Regency Centers Corporation,
29194,IQT46220237,Telecom Argentina S.A.,
29392,IQT46202291,Eastman Chemical Company,
29453,IQT313306593,Cheniere Energy, Inc.
29733,IQT46211170,Martin Marietta Materials, Inc.
29736,IQT1674750060,Tractor Supply Company,
29751,IQT1830072393,Albemarle Corporation,
29755,IQT46197673,Beazer Homes USA, Inc.
29850,IQT46220647,Grupo Televisa, S.A.B.
29875,IQT46195070,AvalonBay Communities, Inc.
29955,IQT59593495,Bausch Health Companies Inc.,
30024,IQT1761446991,Millicom International Cellular S.A.,
30170,IQT46203408,Flex Ltd.,
30259,IQT46214282,PENN Entertainment, Inc.
30671,IQT313306948,Reliance, Inc.
30807,IQT46225577,Lafarge S.A.,
30821,IQT79640094,PT Indosat Ooredoo Hutchison Tbk,
30923,IQT46220419,TechnipFMC plc,
30990,IQT46199354,Capital One Financial Corporation,
30999,IQT1801593134,Carvana Co.,
31137,IQT46197353,Sky Limited,
31142,IQT46219344,STMicroelectronics N.V.,
31673,IQT46193123,Cencora, Inc.
31774,IQT1881252181,Brighthouse Financial, Inc.
31846,IQT46201254,Darden Restaurants, Inc.
32767,IQT579299842,Equitable Holdings, Inc.
33955,IQT658995830,Elanco Animal Health Incorporated,
34749,IQT1681792926,Coinbase Global, Inc.
35077,IQT674609379,Uber Technologies, Inc.
36191,IQT1674280697,Carrier Global Corporation,
38821,IQT1856813071,Organon & Co.,
41818,IQT1870794531,GE HealthCare Technologies Inc.,
45775,IQT46217949,Smithfield Foods, Inc.
60800,IQT46217385,Sinclair, Inc.
60894,IQT46197914,Cameron International Corporation,
60979,IQT717940286,Westinghouse Air Brake Technologies Corporation,
61188,IQT46206065,Service Properties Trust,
61214,IQT46898731,ASML Holding N.V.,
61302,IQT46193351,Arch Capital Group Ltd.,
61406,IQT46216580,RenaissanceRe Holdings Ltd.,
61440,IQT46208685,Koninklijke KPN N.V.,
61483,IQT46201533,DaVita Inc.,
61489,IQT46215546,Qwest Communications International, Inc.
61552,IQT46209914,Lexmark International, Inc.
61567,IQT542600604,The Estée Lauder Companies Inc.,
61616,IQT46202416,Eni S.p.A.,
61811,IQT46214176,Southern Copper Corporation,
62374,IQT46207323,Iron Mountain Incorporated,
62689,IQT46219178,The Travelers Companies, Inc.
63120,IQT46195246,AXA SA,
63477,IQT46195733,BAE Systems plc,
63605,IQT217703441,Calpine Corporation,
63669,IQT46222839,Univision Communications Inc.,
63759,IQT49751106,SCOR SE,
63892,IQT323680070,NOV Inc.,
64030,IQT313314265,Steel Dynamics, Inc.
64166,IQT46200788,Quest Diagnostics Incorporated,
64768,IQT286109732,Amazon.com, Inc.
64821,IQT323680361,Alexandria Real Estate Equities, Inc.
64891,IQT268882239,Ralph Lauren Corporation,
65248,IQT49751036,ArcelorMittal S.A.,
65399,IQT46194671,Meritor, Inc.
65417,IQT46224595,Yum! Brands, Inc.
65662,IQT46445575,China Mobile Limited,
66016,IQT717149582,Ingredion Incorporated,
66065,IQT696597979,United Rentals, Inc.
66290,IQT46217665,Steelcase Inc.,
66708,IQT323679980,Broadcom Corporation,
100080,IQT51023267,Bayer Aktiengesellschaft,
100091,IQT46216084,Rentokil Initial plc,
100103,IQT46209797,Deutsche Lufthansa AG,
100135,IQT46220249,Tate & Lyle plc,
100165,IQT79636726,Santos Limited,
100338,IQT46215962,RELX PLC,
100465,IQT540717399,Sasol Limited,
100572,IQT46215275,Pearson plc,
100590,IQT46202459,E.ON SE,
100609,IQT46199514,Continental Aktiengesellschaft,
100699,IQT46218070,Sharp Corporation,
100712,IQT46224097,Woodside Energy Group Ltd,
100718,IQT563168556,Takeda Pharmaceutical Company Limited,
100737,IQT46223258,Volkswagen AG,
100760,IQT46208360,Kingfisher plc,
100953,IQT46216996,RWE Aktiengesellschaft,
101020,IQT46219487,Stora Enso Oyj,
101202,IQT79639133,L'Air Liquide S.A.,
101204,IQT46217198,Sanofi,
101276,IQT46214415,Stellantis N.V.,
101292,IQT46215375,Publicis Groupe S.A.,
101310,IQT46212879,Novartis AG,
101352,IQT46194211,Alcatel-Lucent,
101361,IQT46224054,Wolters Kluwer N.V.,
101475,IQT284865129,Air France-KLM SA,
101718,IQT46222609,UPM-Kymmene Oyj,
102089,IQT46202880,Sodexo S.A.,
102523,IQT46223129,Valeo SE,
103487,IQT313311645,SAP SE,
104598,IQT46214819,POSCO Holdings Inc.,
104831,IQT46226266,Spark New Zealand Limited,
104833,IQT46205549,Heineken N.V.,
105089,IQT46198573,CEMEX, S.A.B. de C.V.
105222,IQT225478211,Frontera Energy Corporation,
105365,IQT46194483,American Tower Corporation,
106815,IQT46213991,Hellenic Telecommunications Organization S.A.,
110039,IQT46194401,Amkor Technology, Inc.
110685,IQT79636315,L3 Technologies, Inc.
111941,IQT60387887,Gerdau S.A.,
112116,IQT46221039,PostNL N.V.,
112168,IQT46216923,Republic Services, Inc.
113490,IQT243232877,Crown Castle Inc.,
114524,IQT323679970,eBay Inc.,
114628,IQT46204957,The Goldman Sachs Group, Inc.
114927,IQT49751096,Swisscom AG,
116029,IQT46214034,Plains All American Pipeline, L.P.
117768,IQT681133415,NVIDIA Corporation,
119314,IQT1673283577,Booking Holdings Inc.,
120093,IQT313315798,CNX Resources Corporation,
120877,IQT46215659,Reynolds American Inc.,
121382,IQT313314915,SBA Communications Corporation,
121718,IQT263213059,Juniper Networks, Inc.
122061,IQT1856813051,Cloud Software Group, Inc.
124434,IQT313308705,BlackRock, Inc.
126296,IQT46202924,Expedia Group, Inc.
126554,IQT269606231,Agilent Technologies, Inc.
128978,IQT46214704,Packaging Corporation of America,
133104,IQT46208665,KT Corporation,
133367,IQT717020910,Edgewell Personal Care Company,
133768,IQT46210495,MetLife, Inc.
137232,IQT313313963,Janus Capital Group Inc.,
137310,IQT716153838,Marvell Technology, Inc.
138743,IQT328988317,Equinix, Inc.
139665,IQT1673533348,Moody's Corporation,
140756,IQT313309813,China Petroleum & Chemical Corporation,
140760,IQT46211337,Monsanto Company,
140821,IQT46198409,Carnival plc,
141239,IQT46220923,Telekom Austria AG,
142248,IQT46194493,América Móvil, S.A.B. de C.V.
142540,IQT46199229,CNOOC Limited,
142953,IQT46208316,Mondelez International, Inc.
143356,IQT46875110,Prudential Financial, Inc.
144066,IQT263213154,Collins Aerospace,
144496,IQT528936812,UBS Group AG,
144559,IQT79636559,Zimmer Biomet Holdings, Inc.
145046,IQT46223889,Elevance Health, Inc.
145552,IQT644701787,Centene Corporation,
145701,IQT313314504,Principal Financial Group, Inc.
145977,IQT717830584,Advance Auto Parts, Inc.
146075,IQT703675678,Berry Global Inc.,
147305,IQT46207725,JetBlue Airways Corporation,
147579,IQT323679950,Netflix, Inc.
149337,IQT323680381,Nasdaq, Inc.
152149,IQT717020940,Molina Healthcare, Inc.
152249,IQT46202406,Sompo International Holdings Ltd.,
153130,IQT46195318,AXIS Capital Holdings Limited,
157057,IQT46194032,Assurant, Inc.
157855,IQT715229542,Salesforce, Inc.
160225,IQT1869087306,Mastercard Incorporated,
160329,IQT644701487,Alphabet Inc.,
160684,IQT313306564,Westlake Corporation,
160739,IQT313314900,LG Display Co., Ltd.
161844,IQT46558695,Las Vegas Sands Corp.,
161966,IQT323679990,Ares Capital Corporation,
162129,IQT46211427,The Mosaic Company,
164532,IQT565076305,Baidu, Inc.
164660,IQT1875741616,Clear Channel Outdoor Holdings, Inc.
164708,IQT46875079,Ameriprise Financial, Inc.
165052,IQT718617293,Under Armour, Inc.
165264,IQT263206405,Fidelity National Financial, Inc.
165649,IQT323680481,Energy Transfer LP,
165993,IQT717149572,Fidelity National Information Services, Inc.
170527,IQT644701387,Post Holdings, Inc.
170617,IQT1803335741,Meta Platforms, Inc.
174729,IQT46224308,Travel + Leisure Co.,
175263,IQT46224244,The Western Union Company,
175319,IQT313314285,Hanesbrands Inc.,
176260,IQT313313961,Melco Resorts & Entertainment Limited,
176659,IQT328562062,Targa Resources Partners LP,
176760,IQT46201382,Domtar Corporation,
176928,IQT717830604,Broadridge Financial Solutions, Inc.
177264,IQT46199609,Covidien plc,
177376,IQT323680451,Discover Financial Services,
177884,IQT323680571,Concho Resources Inc.,
178081,IQT1770123154,MercadoLibre, Inc.
178672,IQT1676694304,CVR Energy, Inc.
179077,IQT646626553,Forestar Group Inc.,
179534,IQT714857572,Visa Inc.,
179621,IQT79636585,Philip Morris International Inc.,
179657,IQT718477273,Hillenbrand, Inc.
180711,IQT1872700150,Broadcom Inc.,
180833,IQT323679940,Mead Johnson Nutrition Company,
183366,IQT323680561,Hyatt Hotels Corporation,
184498,IQT1898121410,Nationstar Mortgage Holdings Inc.,
184996,IQT549969594,Tesla, Inc.
186989,IQT313306945,Marathon Petroleum Corporation,
187698,IQT1875133908,Civitas Resources, Inc.
200976,IQT49361675,Braskem S.A.,
201395,IQT1771531993,Taiwan Semiconductor Manufacturing Company Limited,
203480,IQT46218382,SK Telecom Co., Ltd.
203890,IQT51023594,Tata Motors Passenger Vehicles Limited,
205942,IQT1899983258,BRF S.A.,
206454,IQT46204154,Public Joint Stock Company Gazprom,
206457,IQT79640064,PJSC LUKOIL,
209382,IQT79636445,Vale S.A.,
210216,IQT46220541,Telstra Group Limited,
210418,IQT263204391,ABB Ltd,
212773,IQT46206984,Imperial Brands PLC,
212782,IQT263205017,Fresenius Medical Care AG,
218399,IQT46194144,Alstom SA,
220211,IQT313312814,ICL Group Ltd,
220546,IQT46219455,Equinor ASA,
220579,IQT46220961,Telia Company AB (publ),
220940,IQT46203750,Orange S.A.,
221612,IQT46220634,Telenor ASA,
221616,IQT46201372,Deutsche Telekom AG,
221821,IQT46655924,Nidec Corporation,
222111,IQT46214372,Petróleo Brasileiro S.A. - Petrobras,
223911,IQT46213177,NTT DOCOMO, INC.
241216,IQT46220071,Syngenta Crop Protection AG,
241637,IQT81952238,Anheuser-Busch InBev SA/NV,
243011,IQT46211678,MTR Corporation Limited,
245918,IQT311701972,Brightstar Lottery PLC,
274536,IQT313312183,Cosan S.A.,
277812,IQT537159281,Grifols, S.A.
287882,IQT313306839,Ecopetrol S.A.,
295786,IQT128692061,CNH Industrial N.V.,